zip,event_count,total_customer_impact
54914,382,28543
53142,247,19529
53158,130,15950
53207,172,12161
53233,35,9675
53140,119,9174
53154,87,8763
54952,148,8276
53218,181,8238
53209,341,8186
53210,162,7680
54915,190,7474
53144,245,6932
53215,137,6770
54956,242,6768
53224,77,6648
53204,192,6144
53110,58,5575
53214,105,5437
53105,113,5208
53404,108,5149
53213,104,4896
53219,88,4731
53094,60,4717
54911,125,4608
53205,41,4538
53216,151,4457
54519,77,3854
54166,10,3805
53402,116,3790
53092,91,3710
53172,75,3665
53222,108,3583
53177,50,3520
54913,115,3504
53089,98,3482
53046,12,3457
53208,167,3436
53217,156,3228
53212,119,2948
53186,74,2939
53405,97,2926
53143,221,2753
53225,148,2746
53168,59,2709
53151,79,2644
53051,100,2632
53504,1,2587
53226,79,2551
53095,68,2541
53228,34,2399
49969,68,2352
53076,31,2345
53066,54,2332
53005,79,2117
53090,43,2080
53017,55,2036
53220,55,1918
54942,19,1893
53018,15,1853
53211,77,1821
54540,87,1789
53916,3,1768
53103,8,1736
54151,25,1712
53150,62,1696
53022,47,1665
53171,8,1648
53190,59,1581
54957,1,1578
53403,75,1502
53033,43,1416
53013,16,1368
53202,47,1320
54169,2,1295
53024,39,1173
53188,65,1120
54944,28,1120
53183,7,1094
53070,16,1086
53149,49,1081
53118,35,1077
53223,88,1066
53146,14,1052
53075,21,1051
54521,8,1016
54554,22,1004
54195,1,1004
49801,25,965
53108,14,927
53189,48,926
53104,61,873
54590,1,872
53235,58,844
53072,47,814
53098,54,778
54130,22,778
53045,40,776
53121,49,759
49814,8,746
53538,44,735
53176,1,697
53083,1,694
53085,12,658
53006,6,648
53182,26,623
53206,168,604
49989,1,604
53227,46,599
53185,32,595
53029,24,582
53048,4,579
53170,23,578
49874,3,573
49807,4,551
49845,1,545
53082,1,543
53549,9,529
53027,55,515
53406,51,466
54310,1,422
49935,20,397
49920,25,375
53036,10,373
54106,27,372
53063,3,360
53001,11,345
53079,5,341
53115,16,326
54111,11,302
53130,12,298
54170,30,287
53167,1,283
53012,11,275
49964,3,264
53093,9,261
54961,34,255
54542,14,254
53035,12,243
53120,27,239
53147,7,232
54121,16,228
53129,21,224
53042,5,224
53132,40,221
53119,28,216
53073,8,215
54124,5,211
53179,24,202
53579,13,194
54929,13,186
53122,18,180
53059,15,177
49912,3,158
53004,12,151
53221,44,149
53080,12,148
53559,23,148
53050,12,140
53156,11,138
53097,17,135
53126,27,131
53139,7,124
49880,3,116
54940,23,108
54983,20,104
53563,10,104
53011,12,101
53038,1,100
54165,18,98
53047,1,98
53086,11,84
49896,7,83
53040,18,82
54136,5,71
49929,1,67
53058,6,65
53021,17,63
53148,3,62
49892,4,59
53037,12,53
54129,21,50
53153,5,50
53594,13,48
54981,7,47
53002,6,47
49927,1,45
53026,1,44
53010,11,42
54107,11,41
49881,6,36
53020,8,34
49815,2,31
53074,10,30
54115,6,28
53091,10,26
54155,5,25
53007,4,25
53109,1,25
49831,3,23
49812,3,23
53031,1,22
54937,11,20
49886,4,19
54922,5,17
49948,3,16
53152,1,16
53015,9,14
49847,3,13
49818,1,13
53078,6,12
49837,2,12
53203,2,12
53049,2,12
54935,5,11
49887,5,10
54162,8,9
53039,7,9
49802,8,8
53064,1,7
53137,6,6
53023,6,6
49902,1,6
53127,2,5
53178,4,4
49861,3,4
54965,4,4
54947,3,4
53019,2,3
49891,2,3
53531,3,3
53540,1,2
54949,2,2
53060,1,2
54511,1,1
53551,1,1
53057,1,1
54137,1,1
54931,1,1
53016,1,1
54950,1,1
49925,1,1
49961,1,1
