event_id,latitude,longitude,off_time,first_seen_at,last_seen_at,max_affected_customers,cause,city,county,zip,region,observations,still_active
5828b22d57b9e77a,42.702814770811315,-88.09195566725384,"Jul 27, 7:18 a.m.",2026-07-27T12:45:43+00:00,2026-07-27T13:48:02+00:00,2,Equipment damaged by wind,kansasville,racine,53139,southeast wi,3,False
b0eeb94d3658ce8f,43.09413817606503,-87.9645107410024,"Jul 27, 7:09 a.m.",2026-07-27T12:45:43+00:00,2026-07-27T12:49:34+00:00,1,Not yet determined,milwaukee,milwaukee,53216,southeast wi,2,False
fc452b8d4220beea,43.091744857464896,-87.93657325950738,"Jul 27, 5:26 a.m.",2026-07-27T12:45:43+00:00,2026-07-27T14:59:02+00:00,2761,Not yet determined,milwaukee,milwaukee,53210,southeast wi,32,True
7c2a39468a5c6d9e,43.091840513683046,-87.93658479059665,"Jul 27, 5:26 a.m.",2026-07-27T12:45:43+00:00,2026-07-27T14:59:02+00:00,7137,Not yet determined,kenosha,kenosha,53140,southeast wi,52,True
4e9b6b7f4094e7e3,43.69281681051819,-88.35068879049916,"Jul 27, 1:43 a.m.",2026-07-27T12:45:43+00:00,2026-07-27T12:49:34+00:00,2,Transformer problem,eden,fond du lac,53019,southeast wi,2,False
da2cd26b50903fff,43.07809879622156,-87.91681980770092,"Jul 27, 6:25 a.m.",2026-07-27T12:45:43+00:00,2026-07-27T13:48:02+00:00,1,Not yet determined,milwaukee,milwaukee,53212,southeast wi,3,False
23e59b66d89ede0d,43.02148845316987,-87.9415303405904,"Jul 27, 7:38 a.m.",2026-07-27T12:45:43+00:00,2026-07-27T12:49:34+00:00,1,Not yet determined,milwaukee,milwaukee,53204,southeast wi,2,False
d15e05dd733f09b9,43.085689455708476,-87.91290765268538,"Jul 27, 7:38 a.m.",2026-07-27T12:45:43+00:00,2026-07-27T12:49:34+00:00,1,Not yet determined,milwaukee,milwaukee,53212,southeast wi,2,False
6256b0ead6cbb875,43.08825587697325,-87.93623954110878,"Jul 27, 7:12 a.m.",2026-07-27T12:45:43+00:00,2026-07-27T12:49:34+00:00,1,Not yet determined,milwaukee,milwaukee,53206,southeast wi,2,False
2f089e9884708d17,42.76469726235714,-87.7794203557118,"Jul 27, 5:54 a.m.",2026-07-27T12:45:43+00:00,2026-07-27T14:59:02+00:00,6,We Energies overhead line problem,racine,racine,53402,southeast wi,4,True
f0106bd48ba064b7,43.422069133606456,-88.01881363861388,"Jul 27, 6:53 a.m.",2026-07-27T12:45:43+00:00,2026-07-27T12:49:34+00:00,1,Not yet determined,west bend,ozaukee,53095,southeast wi,2,False
dc5a103e629174b0,43.087339381311374,-87.96631343328863,"Jul 27, 6:29 a.m.",2026-07-27T12:45:43+00:00,2026-07-27T12:49:34+00:00,1,Not yet determined,milwaukee,milwaukee,53216,southeast wi,2,False
7aacda6fff197c10,43.071975149704514,-87.90717063148955,"Jul 27, 6:26 a.m.",2026-07-27T12:45:43+00:00,2026-07-27T13:48:02+00:00,1,Not yet determined,milwaukee,milwaukee,53212,southeast wi,3,False
9c6f368f07ded3b0,46.18996293193086,-89.40237031903337,"Jul 27, 8:36 a.m.",2026-07-27T13:48:02+00:00,2026-07-27T13:48:02+00:00,872,Not yet determined,watersmeet,ontonagon,49969,upper peninsula mi,14,False
1772cff99e788914,43.17838716533012,-88.02611528065064,"Jul 27, 8:01 a.m.",2026-07-27T13:48:02+00:00,2026-07-27T13:48:02+00:00,1,Not yet determined,milwaukee,milwaukee,53224,southeast wi,1,False
c9ab98d6fd925740,43.105109896016856,-87.91628593221711,"Jul 27, 8:25 a.m.",2026-07-27T13:48:02+00:00,2026-07-27T13:48:02+00:00,1,Not yet determined,glendale,milwaukee,53217,southeast wi,1,False
3ffeaafb06cf91cb,42.91714812979378,-88.09114151222707,"Jul 27, 8:36 a.m.",2026-07-27T13:48:02+00:00,2026-07-27T14:59:02+00:00,1,Not yet determined,muskego,waukesha,53150,southeast wi,2,True
d4d281ecf3853a0f,43.06676088163361,-88.03140921584199,"Jul 27, 8:28 a.m.",2026-07-27T13:48:02+00:00,2026-07-27T13:48:02+00:00,13,Not yet determined,milwaukee,milwaukee,53226,southeast wi,3,False
dfd35f337dd20629,43.09286847962883,-88.00003675088045,"Jul 27, 8:28 a.m.",2026-07-27T13:48:02+00:00,2026-07-27T13:48:02+00:00,1,Not yet determined,milwaukee,milwaukee,53216,southeast wi,1,False
847163e9db173ccb,43.11593823075209,-87.9928446729058,"Jul 27, 8:26 a.m.",2026-07-27T13:48:02+00:00,2026-07-27T13:48:02+00:00,1,Not yet determined,milwaukee,milwaukee,53218,southeast wi,1,False
d0a283d1d7ef8822,43.05466044179827,-87.9630018496113,"Jul 27, 8:37 a.m.",2026-07-27T13:48:02+00:00,2026-07-27T13:48:02+00:00,1,Not yet determined,milwaukee,milwaukee,53218,southeast wi,1,False
c23176075fd77ac6,43.10587691541693,-87.97707090060612,"Jul 27, 8:07 a.m.",2026-07-27T13:48:02+00:00,2026-07-27T13:48:02+00:00,1,Not yet determined,milwaukee,milwaukee,53218,southeast wi,1,False
29db4b113c57f9c1,46.12559448427575,-89.20620883033271,"Jul 27, 8:45 a.m.",2026-07-27T14:59:02+00:00,2026-07-27T14:59:02+00:00,125,Not yet determined,land o lakes,vilas,54540,upper peninsula mi,3,True
64a5f4ede5c42ef8,46.16370875445644,-89.2042010109546,"Jul 27, 8:20 a.m.",2026-07-27T14:59:02+00:00,2026-07-27T14:59:02+00:00,872,Not yet determined,watersmeet,ontonagon,49912,upper peninsula mi,14,True
0b510be68a093ef6,43.15697764670123,-88.00744531485618,"Jul 27, 9:43 a.m.",2026-07-27T14:59:02+00:00,2026-07-27T14:59:02+00:00,1,Not yet determined,milwaukee,milwaukee,53223,southeast wi,1,True
dcb1d22dbc19e65c,46.03322411384139,-89.09880942999692,"Jul 27, 9:09 a.m.",2026-07-27T14:59:02+00:00,2026-07-27T14:59:02+00:00,31,Not yet determined,phelps,vilas,54554,upper peninsula mi,1,True
5622182b5c92ba13,46.155546774905346,-89.29938595413492,"Jul 27, 8:40 a.m.",2026-07-27T14:59:02+00:00,2026-07-27T14:59:02+00:00,327,Not yet determined,land o lakes,vilas,54540,upper peninsula mi,2,True
dc5c499b96cb281d,44.83230568397971,-88.43845811976564,"Jul 27, 9:36 a.m.",2026-07-27T14:59:02+00:00,2026-07-27T14:59:02+00:00,2,Not yet determined,cecil,shawano,54111,fox valley wi,1,True
9b76f1475cde8b62,46.15515710761031,-89.29427145234891,"Jul 27, 8:40 a.m.",2026-07-27T14:59:02+00:00,2026-07-27T14:59:02+00:00,2,Not yet determined,land o lakes,vilas,53540,upper peninsula mi,2,True
9574afeb1794cf2a,43.159169522385525,-88.03346850600839,"Jul 27, 8:50 a.m.",2026-07-27T14:59:02+00:00,2026-07-27T14:59:02+00:00,1,Not yet determined,milwaukee,milwaukee,53224,southeast wi,1,True
b6a00a781e2609bd,43.10727103518167,-87.98442820899174,"Jul 27, 9:18 a.m.",2026-07-27T14:59:02+00:00,2026-07-27T14:59:02+00:00,1,Not yet determined,milwaukee,milwaukee,53218,southeast wi,1,True
38058773e6ca9ba8,46.14132810038093,-89.33381518354626,"Jul 27, 8:40 a.m.",2026-07-27T14:59:02+00:00,2026-07-27T14:59:02+00:00,102,Not yet determined,land o lakes,vilas,54540,upper peninsula mi,2,True
bc915c78f1840fc1,42.901616921430545,-87.90158760294827,"Jul 27, 9:45 a.m.",2026-07-27T14:59:02+00:00,2026-07-27T14:59:02+00:00,1,Not yet determined,oak creek,milwaukee,53154,southeast wi,1,True
13f61d7036a9c6eb,43.089129304959634,-87.97890255688034,"Jul 27, 9:10 a.m.",2026-07-27T14:59:02+00:00,2026-07-27T14:59:02+00:00,1,Not yet determined,milwaukee,milwaukee,53216,southeast wi,1,True
a9ed86ae3a47f586,46.05497327247188,-89.17134146562705,"Jul 27, 8:46 a.m.",2026-07-27T14:59:02+00:00,2026-07-27T14:59:02+00:00,1114,Not yet determined,phelps,vilas,54554,upper peninsula mi,2,True
a21f82c61c3b1bfa,46.13640662140938,-89.32947146966094,"Jul 27, 9:42 a.m.",2026-07-27T14:59:02+00:00,2026-07-27T14:59:02+00:00,1,Not yet determined,land o lakes,vilas,54540,upper peninsula mi,1,True
37593999f053f91b,43.17169029251241,-88.044973055002,"Jul 27, 9:46 a.m.",2026-07-27T14:59:02+00:00,2026-07-27T14:59:02+00:00,1,Not yet determined,milwaukee,milwaukee,53224,southeast wi,1,True
62a7b63db8da9c45,43.06721896618996,-88.00669508250418,"Jul 27, 9:37 a.m.",2026-07-27T14:59:02+00:00,2026-07-27T14:59:02+00:00,1,Not yet determined,milwaukee,milwaukee,53210,southeast wi,1,True
3b808946593d48ba,46.00421775709299,-89.19285232963252,"Jul 27, 8:54 a.m.",2026-07-27T14:59:02+00:00,2026-07-27T14:59:02+00:00,384,Not yet determined,eagle river,vilas,54521,upper peninsula mi,4,True
f7d98ac535cb7d3c,46.0652146223991,-87.82690809895729,"Jul 27, 9:41 a.m.",2026-07-27T14:59:02+00:00,2026-07-27T14:59:02+00:00,1,Not yet determined,iron mountain,dickinson,49831,upper peninsula mi,1,True
97e2805356bfafbf,43.08870272134347,-87.94530498865186,"Jul 27, 9:44 a.m.",2026-07-27T14:59:02+00:00,2026-07-27T14:59:02+00:00,1,Not yet determined,milwaukee,milwaukee,53206,southeast wi,1,True
ff315f18f471258a,43.39640037243295,-87.87189421174844,"Jul 27, 9:28 a.m.",2026-07-27T14:59:02+00:00,2026-07-27T14:59:02+00:00,15,Not yet determined,prt washingtn,ozaukee,53074,southeast wi,2,True
f38d82338d811ac3,45.739487370768664,-88.70346650633267,"Jul 27, 9:22 a.m.",2026-07-27T14:59:02+00:00,2026-07-27T14:59:02+00:00,1,Not yet determined,newald,forest,54511,upper peninsula mi,1,True
b90369c83b91b751,46.13266710104466,-89.33317137420089,"Jul 27, 9:36 a.m.",2026-07-27T14:59:02+00:00,2026-07-27T14:59:02+00:00,1,Not yet determined,land o lakes,vilas,54540,upper peninsula mi,1,True
d46b4388a27b9f1b,43.18213169719358,-88.01635886187077,"Jul 27, 9:25 a.m.",2026-07-27T14:59:02+00:00,2026-07-27T14:59:02+00:00,1,Not yet determined,milwaukee,milwaukee,53224,southeast wi,1,True
cfb15bc983012adc,46.03989801020574,-89.09791644680553,"Jul 27, 8:54 a.m.",2026-07-27T14:59:02+00:00,2026-07-27T14:59:02+00:00,326,Not yet determined,phelps,vilas,54554,upper peninsula mi,1,True
acc14dacd7f53f40,43.05007616562305,-87.90663752048526,"Jul 27, 9:26 a.m.",2026-07-27T14:59:02+00:00,2026-07-27T14:59:02+00:00,1,Not yet determined,milwaukee,milwaukee,53202,southeast wi,1,True
42c9445242f35051,43.102772879621156,-87.97853841614827,"Jul 27, 9:20 a.m.",2026-07-27T14:59:02+00:00,2026-07-27T14:59:02+00:00,1,Not yet determined,milwaukee,milwaukee,53218,southeast wi,1,True
734223a159a53b24,46.149475766094405,-89.34124181548158,"Jul 27, 8:40 a.m.",2026-07-27T14:59:02+00:00,2026-07-27T14:59:02+00:00,40,Not yet determined,land o lakes,vilas,54540,upper peninsula mi,1,True
134afe396b275073,43.042910590065794,-87.93479226641212,"Jul 27, 9:43 a.m.",2026-07-27T14:59:02+00:00,2026-07-27T14:59:02+00:00,1,Not yet determined,milwaukee,milwaukee,53206,southeast wi,1,True
0b60d7aae5c41e57,46.06298481506022,-89.13234210379115,"Jul 27, 9:43 a.m.",2026-07-27T14:59:02+00:00,2026-07-27T14:59:02+00:00,1,Not yet determined,conover,vilas,54519,upper peninsula mi,1,True
47f830191d600ab5,46.16285005212846,-89.21682793479653,"Jul 27, 8:40 a.m.",2026-07-27T14:59:02+00:00,2026-07-27T14:59:02+00:00,76,Equipment damaged by lightning,watersmeet,gogebic,49969,upper peninsula mi,2,True
14a80bcce1a29e31,44.62192362656845,-88.42550798630639,"Jul 27, 8:39 a.m.",2026-07-27T14:59:02+00:00,2026-07-27T14:59:02+00:00,1,Not yet determined,pulaski,shawano,54162,fox valley wi,1,True
b267431293d8be8a,46.13939216546029,-89.33350579259671,"Jul 27, 8:42 a.m.",2026-07-27T14:59:02+00:00,2026-07-27T14:59:02+00:00,1,Not yet determined,land o lakes,vilas,54540,upper peninsula mi,1,True
c2167f9262011954,46.03775930263416,-89.18145935031707,"Jul 27, 8:55 a.m.",2026-07-27T14:59:02+00:00,2026-07-27T14:59:02+00:00,2,Not yet determined,conover,vilas,54519,upper peninsula mi,1,True
f59b2c14cc74110e,43.12506486909495,-87.99159347600876,"Jul 27, 9:47 a.m.",2026-07-27T14:59:02+00:00,2026-07-27T14:59:02+00:00,1,Not yet determined,milwaukee,milwaukee,53218,southeast wi,1,True
4ebdf4240d99ad98,43.072778322512214,-87.92327529527292,"Jul 27, 8:48 a.m.",2026-07-27T14:59:02+00:00,2026-07-27T14:59:02+00:00,1,Not yet determined,milwaukee,milwaukee,53206,southeast wi,1,True
61599438dd6bd004,46.06467140646152,-87.83285261537614,"Jul 27, 9:34 a.m.",2026-07-27T14:59:02+00:00,2026-07-27T14:59:02+00:00,1,Not yet determined,felch,dickinson,49831,upper peninsula mi,1,True
650b9833d2397cb8,43.08445714578443,-88.36012622044545,"Jul 27, 9:22 a.m.",2026-07-27T14:59:02+00:00,2026-07-27T14:59:02+00:00,1,Not yet determined,hartland,waukesha,53029,southeast wi,1,True
8f6f12a3523250ec,43.07952830590513,-87.90831015470461,"Jul 27, 9:21 a.m.",2026-07-27T14:59:02+00:00,2026-07-27T14:59:02+00:00,1,Not yet determined,milwaukee,milwaukee,53212,southeast wi,1,True
d8f2a2b6eedcd746,43.08000236913418,-87.94169074749645,"Jul 27, 8:56 a.m.",2026-07-27T14:59:02+00:00,2026-07-27T14:59:02+00:00,19,Not yet determined,milwaukee,milwaukee,53206,southeast wi,1,True
9a951f16dfab3775,42.92743521905809,-87.90826544211309,"Jul 27, 8:55 a.m.",2026-07-27T14:59:02+00:00,2026-07-27T14:59:02+00:00,1,Not yet determined,oak creek,milwaukee,53154,southeast wi,1,True
d56d096b3a6b431e,43.0810075664354,-87.92550693520519,"Jul 27, 9:20 a.m.",2026-07-27T14:59:02+00:00,2026-07-27T14:59:02+00:00,1,Not yet determined,milwaukee,milwaukee,53206,southeast wi,1,True
72964d77a1d569d9,46.15517441516619,-89.32591908207621,"Jul 27, 8:48 a.m.",2026-07-27T14:59:02+00:00,2026-07-27T14:59:02+00:00,1,Not yet determined,land o lakes,vilas,54540,upper peninsula mi,1,True
93d39ee9caec276b,45.78625201982656,-88.0139286545738,"Jul 27, 9:22 a.m.",2026-07-27T14:59:02+00:00,2026-07-27T14:59:02+00:00,6,Not yet determined,niagara,marinette,54151,upper peninsula mi,1,True
b28091dd390135cf,45.812367335646016,-88.05590790887854,"Jul 27, 9:15 a.m.",2026-07-27T14:59:02+00:00,2026-07-27T14:59:02+00:00,11,Not yet determined,iron mountain,dickinson,49801,upper peninsula mi,1,True
69a33f9d86e7b6c0,43.14476853553045,-88.03608358340281,"Jul 27, 9:37 a.m.",2026-07-27T14:59:02+00:00,2026-07-27T14:59:02+00:00,1,Not yet determined,milwaukee,milwaukee,53224,southeast wi,1,True
27050b1fbcfa4ad3,46.048860804148084,-89.09692647668135,"Jul 27, 9:18 a.m.",2026-07-27T14:59:02+00:00,2026-07-27T14:59:02+00:00,1,Not yet determined,phelps,vilas,54554,upper peninsula mi,1,True
fccb5dab0b5ea2c0,43.05429351641346,-87.92634168723129,"Jul 27, 9:26 a.m.",2026-07-27T14:59:02+00:00,2026-07-27T14:59:02+00:00,1,Not yet determined,milwaukee,milwaukee,53205,southeast wi,1,True
25b3201ed85226af,42.983231156421056,-88.67334034922222,"Jul 27, 9:43 a.m.",2026-07-27T14:59:02+00:00,2026-07-27T14:59:02+00:00,1,Not yet determined,helenville,jefferson,53137,southeast wi,1,True
2570e6833d144841,46.14937950774068,-89.34218697731079,"Jul 27, 9:00 a.m.",2026-07-27T14:59:02+00:00,2026-07-27T14:59:02+00:00,1,Not yet determined,land o lakes,vilas,54540,upper peninsula mi,1,True
